metric,value
Intercept,19.213261056572833
postalCode,51.00558738390191
householdSize,6.7195712011594576E16
wasteType_0,6.7195712011595136E16
wasteType_1,6.719571201159492E16
wasteType_2,6.7195712011594688E16
wasteType_3,6.7195712011595016E16
wasteType_4,6.719571201159452E16
wasteType_5,6.7195712011594816E16
wasteType_6,6.7195712011594552E16
wasteType_7,6.719571201159468E16
R-squared,0.017882728226150335
Adjusted R-squared,0.007767288161063868